{
  "phase": "F.6 Phase 3 calibration analysis",
  "n_train_drugs": 522776,
  "n_total_pairs": 63324,
  "per_source_n": {
    "klaeger": 4345,
    "davis": 7429,
    "bindingdb": 51550
  },
  "headline_C_strict": {
    "C_strict_TIGHT": {
      "n": 1286,
      "pearson_r": 0.08093171433891892,
      "spearman_r": 0.09864288358259046,
      "rmse": 1.906706652355292,
      "ci": 0.5339927022485786,
      "mean_err": -1.5789649464642075,
      "cos_spearman": 0.20350378968766505
    },
    "C_strict_MODERATE": {
      "n": 2921,
      "pearson_r": 0.12464757468577545,
      "spearman_r": 0.11211712753651414,
      "rmse": 0.9910614012108525,
      "ci": 0.5371561034739276,
      "mean_err": 0.459231307334731,
      "cos_spearman": 0.23311234959905205
    },
    "C_strict_WEAK": {
      "n": 1159,
      "pearson_r": 0.2862436321626121,
      "spearman_r": 0.27386609821243474,
      "rmse": 1.9303419724499136,
      "ci": 0.5913332763755675,
      "mean_err": 1.658380881457943,
      "cos_spearman": -0.07899818776146864
    },
    "C_strict_ALL": {
      "n": 5366,
      "pearson_r": 0.3744364287232297,
      "spearman_r": 0.34975996162103534,
      "rmse": 1.4868660388146926,
      "ci": 0.619390628887516,
      "mean_err": 0.22976689697755018,
      "cos_spearman": 0.19082457809176986
    }
  }
}