{
  "per_target_stratum": {
    "CD73__class_b_anchor": {
      "n": 4,
      "mean_iptm": 0.8749999999999999,
      "std_iptm": 0.09469248474227858,
      "ge_0.4": 4,
      "ge_0.6": 4,
      "ge_0.7": 4,
      "rate_ge_0.4": 1.0,
      "rate_ge_0.6": 1.0,
      "rate_ge_0.7": 1.0
    },
    "CD73__class_c_anchor": {
      "n": 1,
      "mean_iptm": 0.96,
      "std_iptm": 0.0,
      "ge_0.4": 1,
      "ge_0.6": 1,
      "ge_0.7": 1,
      "rate_ge_0.4": 1.0,
      "rate_ge_0.6": 1.0,
      "rate_ge_0.7": 1.0
    },
    "CD73__negative_control": {
      "n": 5,
      "mean_iptm": 0.71,
      "std_iptm": 0.059160797830996155,
      "ge_0.4": 5,
      "ge_0.6": 5,
      "ge_0.7": 2,
      "rate_ge_0.4": 1.0,
      "rate_ge_0.6": 1.0,
      "rate_ge_0.7": 0.4
    },
    "CD73__scaffold_div": {
      "n": 35,
      "mean_iptm": 0.8820000000000001,
      "std_iptm": 0.0811244505102391,
      "ge_0.4": 35,
      "ge_0.6": 35,
      "ge_0.7": 34,
      "rate_ge_0.4": 1.0,
      "rate_ge_0.6": 1.0,
      "rate_ge_0.7": 0.9714285714285714
    },
    "CD73__top50_cosine": {
      "n": 50,
      "mean_iptm": 0.8745999999999999,
      "std_iptm": 0.07287702809863883,
      "ge_0.4": 50,
      "ge_0.6": 50,
      "ge_0.7": 50,
      "rate_ge_0.4": 1.0,
      "rate_ge_0.6": 1.0,
      "rate_ge_0.7": 1.0
    },
    "NLRP3__class_b_anchor": {
      "n": 2,
      "mean_iptm": 0.6950000000000001,
      "std_iptm": 0.04949747468305829,
      "ge_0.4": 2,
      "ge_0.6": 2,
      "ge_0.7": 1,
      "rate_ge_0.4": 1.0,
      "rate_ge_0.6": 1.0,
      "rate_ge_0.7": 0.5
    },
    "NLRP3__class_c_anchor": {
      "n": 8,
      "mean_iptm": 0.77625,
      "std_iptm": 0.04240535680446854,
      "ge_0.4": 8,
      "ge_0.6": 8,
      "ge_0.7": 8,
      "rate_ge_0.4": 1.0,
      "rate_ge_0.6": 1.0,
      "rate_ge_0.7": 1.0
    },
    "NLRP3__negative_control": {
      "n": 5,
      "mean_iptm": 0.744,
      "std_iptm": 0.015165750888103114,
      "ge_0.4": 5,
      "ge_0.6": 5,
      "ge_0.7": 5,
      "rate_ge_0.4": 1.0,
      "rate_ge_0.6": 1.0,
      "rate_ge_0.7": 1.0
    },
    "NLRP3__scaffold_div": {
      "n": 50,
      "mean_iptm": 0.7402,
      "std_iptm": 0.10349977817190072,
      "ge_0.4": 50,
      "ge_0.6": 47,
      "ge_0.7": 30,
      "rate_ge_0.4": 1.0,
      "rate_ge_0.6": 0.94,
      "rate_ge_0.7": 0.6
    },
    "NLRP3__top50_cosine": {
      "n": 50,
      "mean_iptm": 0.7275999999999999,
      "std_iptm": 0.06962171840359435,
      "ge_0.4": 50,
      "ge_0.6": 50,
      "ge_0.7": 31,
      "rate_ge_0.4": 1.0,
      "rate_ge_0.6": 1.0,
      "rate_ge_0.7": 0.62
    },
    "STING1__class_c_anchor": {
      "n": 8,
      "mean_iptm": 0.7175,
      "std_iptm": 0.12103718436910206,
      "ge_0.4": 8,
      "ge_0.6": 6,
      "ge_0.7": 6,
      "rate_ge_0.4": 1.0,
      "rate_ge_0.6": 0.75,
      "rate_ge_0.7": 0.75
    },
    "STING1__negative_control": {
      "n": 5,
      "mean_iptm": 0.702,
      "std_iptm": 0.0965401470891774,
      "ge_0.4": 5,
      "ge_0.6": 5,
      "ge_0.7": 3,
      "rate_ge_0.4": 1.0,
      "rate_ge_0.6": 1.0,
      "rate_ge_0.7": 0.6
    },
    "STING1__scaffold_div": {
      "n": 50,
      "mean_iptm": 0.6861999999999999,
      "std_iptm": 0.12238930859001883,
      "ge_0.4": 50,
      "ge_0.6": 41,
      "ge_0.7": 22,
      "rate_ge_0.4": 1.0,
      "rate_ge_0.6": 0.82,
      "rate_ge_0.7": 0.44
    },
    "STING1__top50_cosine": {
      "n": 50,
      "mean_iptm": 0.6995999999999999,
      "std_iptm": 0.12003332870498926,
      "ge_0.4": 49,
      "ge_0.6": 42,
      "ge_0.7": 25,
      "rate_ge_0.4": 0.98,
      "rate_ge_0.6": 0.84,
      "rate_ge_0.7": 0.5
    }
  },
  "per_anchor": [
    {
      "target": "CD73",
      "stratum": "class_b_anchor",
      "drug_name": "AOPCP",
      "expected_class": "B",
      "iptm": 0.96,
      "ptm": 0.79,
      "ranking_score": 0.97,
      "interface_pae_min": 1.05,
      "tag": "gold_standard",
      "cosine": 0.23392466,
      "rank": 1276,
      "synthetic_rank": null
    },
    {
      "target": "CD73",
      "stratum": "class_c_anchor",
      "drug_name": "PSB-12379",
      "expected_class": "C",
      "iptm": 0.96,
      "ptm": 0.85,
      "ranking_score": 0.98,
      "interface_pae_min": 1.02,
      "tag": "tool",
      "cosine": 0.30141082406044,
      "rank": null,
      "synthetic_rank": 833
    },
    {
      "target": "CD73",
      "stratum": "class_b_anchor",
      "drug_name": "AB680",
      "expected_class": "B",
      "iptm": 0.95,
      "ptm": 0.86,
      "ranking_score": 0.97,
      "interface_pae_min": 0.98,
      "tag": "gold_standard",
      "cosine": 0.3222116,
      "rank": 503,
      "synthetic_rank": null
    },
    {
      "target": "CD73",
      "stratum": "class_b_anchor",
      "drug_name": "Dipyridamole",
      "expected_class": "B",
      "iptm": 0.82,
      "ptm": 0.78,
      "ranking_score": 0.85,
      "interface_pae_min": 2.28,
      "tag": "repurposing_anchor",
      "cosine": 0.008300442,
      "rank": 198556,
      "synthetic_rank": null
    },
    {
      "target": "CD73",
      "stratum": "class_b_anchor",
      "drug_name": "LY3475070",
      "expected_class": "A",
      "iptm": 0.77,
      "ptm": 0.77,
      "ranking_score": 0.81,
      "interface_pae_min": 4.16,
      "tag": "clinical",
      "cosine": 0.26911438,
      "rank": 1118,
      "synthetic_rank": null
    },
    {
      "target": "NLRP3",
      "stratum": "class_c_anchor",
      "drug_name": "NP3-562",
      "expected_class": "C",
      "iptm": 0.83,
      "ptm": 0.6,
      "ranking_score": 0.81,
      "interface_pae_min": 3.78,
      "tag": "clinical",
      "cosine": 0.1902085095643997,
      "rank": null,
      "synthetic_rank": 2203
    },
    {
      "target": "NLRP3",
      "stratum": "class_c_anchor",
      "drug_name": "JC124",
      "expected_class": "C",
      "iptm": 0.82,
      "ptm": 0.64,
      "ranking_score": 0.81,
      "interface_pae_min": 4.42,
      "tag": "tool",
      "cosine": 0.2312354743480682,
      "rank": null,
      "synthetic_rank": 475
    },
    {
      "target": "NLRP3",
      "stratum": "class_c_anchor",
      "drug_name": "BAY-11-7082",
      "expected_class": "C",
      "iptm": 0.8,
      "ptm": 0.61,
      "ranking_score": 0.79,
      "interface_pae_min": 5.45,
      "tag": "tool",
      "cosine": 0.1230374947190284,
      "rank": null,
      "synthetic_rank": 33352
    },
    {
      "target": "NLRP3",
      "stratum": "class_c_anchor",
      "drug_name": "Parthenolide",
      "expected_class": "C",
      "iptm": 0.79,
      "ptm": 0.59,
      "ranking_score": 0.77,
      "interface_pae_min": 6.19,
      "tag": "tool",
      "cosine": 0.2246724367141723,
      "rank": null,
      "synthetic_rank": 557
    },
    {
      "target": "NLRP3",
      "stratum": "class_c_anchor",
      "drug_name": "Dapansutrile",
      "expected_class": "C",
      "iptm": 0.78,
      "ptm": 0.6,
      "ranking_score": 0.77,
      "interface_pae_min": 6.42,
      "tag": "clinical",
      "cosine": 0.0483405143022537,
      "rank": null,
      "synthetic_rank": 214145
    },
    {
      "target": "NLRP3",
      "stratum": "class_c_anchor",
      "drug_name": "Oridonin",
      "expected_class": "C",
      "iptm": 0.75,
      "ptm": 0.59,
      "ranking_score": 0.75,
      "interface_pae_min": 7.74,
      "tag": "tool",
      "cosine": 0.1958494186401367,
      "rank": null,
      "synthetic_rank": 1705
    },
    {
      "target": "NLRP3",
      "stratum": "class_b_anchor",
      "drug_name": "Glyburide",
      "expected_class": "A",
      "iptm": 0.73,
      "ptm": 0.59,
      "ranking_score": 0.73,
      "interface_pae_min": 8.31,
      "tag": "repurposing_anchor",
      "cosine": 0.18414304,
      "rank": 2936,
      "synthetic_rank": null
    },
    {
      "target": "NLRP3",
      "stratum": "class_c_anchor",
      "drug_name": "Inzomelid",
      "expected_class": "C",
      "iptm": 0.72,
      "ptm": 0.63,
      "ranking_score": 0.73,