stratum,direction,n_unique_drugs,pool_n_unique_proteins,R@1,R@5,R@10,R@50,R@100,mean_rank,median_rank
class_c,D->T,5064,460,0.20655608177185059,0.4022511839866638,0.4924960434436798,0.7118878364562988,0.8076619505882263,57.18048858642578,10.0
drug_seen,D->T,2880,460,0.42222222685813904,0.7298611402511597,0.8017361164093018,0.8989583253860474,0.9354166388511658,20.278472900390625,1.0
