seed,sample,ranking_score
42,0,0.7067343280516937
42,1,0.6976441262309172
42,2,0.7053035221988331
42,3,0.7199444602633833
42,4,0.7251783755761358
